id,first_name,last_name,age,gender,wage
1,Lorettalorna,Izhakov,54,Female,235226.94
2,Astra,Rylands,85,Female,244965.8
3,Kennith,Firks,66,Male,327950.8
4,Fredek,Spain-Gower,31,Male,229017.3
5,Darb,Iglesia,62,Male,273238.78
6,Baudoin,Banister,30,Male,418563.03
7,Mariam,Bouda,50,Female,327107.13
8,Jeddy,Dupey,30,Male,421046.27
9,Laurence,Markwell,66,Male,294904.47
10,Lauralee,Bore,47,Female,344444.34
11,Micaela,Minghetti,89,Female,259471.86
12,Brigg,Urvoy,9,Male,394623.58
13,Fritz,Stockton,87,Male,266259.75
14,Layney,Bloodworth,74,Polygender,365254.55
15,Edwin,MacColm,42,Male,438929.12
16,Tristan,Hembry,49,Male,403163.46
17,Melesa,Hatrick,54,Genderfluid,324192.55
18,Meyer,Verner,86,Male,262127.56
19,Gustaf,MacGray,58,Bigender,401284.41
20,Thatch,Gelly,23,Male,415490.61
21,Dixie,Farrears,10,Female,378168.01
22,Reinold,Dibdall,71,Polygender,203737.88
23,Gilda,Boxhall,51,Female,247439.99
24,Jackson,Sekulla,65,Male,253805.42
25,Julietta,McKeaveney,90,Female,337588.0
26,Shaina,Northleigh,92,Female,267029.31
27,Kylynn,McElrea,66,Female,428518.0
28,Jolynn,Duiguid,13,Female,377021.94
29,Ki,De Mitri,62,Female,310821.12
30,Tyson,Gumn,25,Male,286747.21
31,Brigitta,Cocke,76,Female,431686.0
32,Shana,Bronger,37,Female,437110.48
33,Tamas,Gibbon,40,Male,375033.06
34,Mercedes,Mullender,86,Female,224078.47
35,Kore,Guiu,11,Female,260309.83
36,Ahmed,Wharrier,78,Male,401002.76
37,Cass,Weitzel,6,Male,322858.9
38,Frederica,Piccard,13,Female,239255.03
39,Lilah,Choupin,92,Female,354378.11
40,Karalee,Melody,65,Bigender,288518.1
41,Dianna,Grzegorzewski,18,Female,399824.68
42,Eleanore,Burnsall,2,Genderqueer,276394.79
43,Maighdiln,Eddy,5,Female,380878.31
44,Terrance,Aylett,81,Male,333933.43
45,Corliss,Balnaves,35,Non-binary,303297.34
46,Selena,Fearon,34,Female,401615.27
47,Terry,Brister,4,Male,416943.13
48,Estevan,Hizir,5,Male,448241.51
49,Tedmund,Emsden,6,Polygender,443702.76
50,Carrie,Sonnenschein,61,Female,262007.86
51,Claiborne,Leehane,46,Male,339980.13
52,Romonda,Duchatel,49,Female,211224.33
53,Bernhard,Lemin,18,Male,250501.57
54,Phillipp,Janjusevic,13,Male,261392.17
55,Kim,Tyndall,7,Female,344458.15
56,Oberon,Leeman,61,Male,361742.71
57,Sander,Wonter,70,Male,421749.76
58,Corney,Guilfoyle,14,Male,212899.5
59,Alleyn,Grevatt,67,Male,404484.97
60,Lauralee,Drees,82,Female,240847.51
61,Tiffy,Marrill,93,Polygender,440517.58
62,Roselin,McSorley,89,Female,331416.61
63,Miguel,Gabbott,65,Genderqueer,393041.98
64,Jaime,Chirm,35,Male,239249.15
65,Ambros,Ketchaside,79,Male,422401.0
66,Iorgo,Annies,84,Male,269263.03
67,Josh,Hubbucke,100,Male,255681.93
68,Luciano,Chellam,57,Bigender,428351.36
69,Henry,Solomonides,83,Non-binary,255926.84
70,Ferdie,Pegram,21,Male,414234.23
71,Farlie,Chomicki,22,Male,371957.37
72,Laural,Astle,63,Non-binary,348488.42
73,Ciro,Jahnke,58,Male,292479.87
74,Rorke,Panner,30,Male,406465.75
75,Woody,Jennaroy,90,Male,343950.77
76,Durand,Lassells,20,Male,344614.98
77,Tallulah,Moulder,25,Female,338914.23
78,Erasmus,Okie,92,Non-binary,241285.43
79,Karyl,Finnimore,3,Female,237027.67
80,Toinette,Di Giacomettino,91,Female,440304.11
81,Gar,Burgwyn,15,Male,324393.14
82,Elmore,Reynoldson,55,Genderfluid,213358.57
83,Dayle,McEvoy,31,Female,290489.45
84,Morty,Snowding,22,Male,342258.42
85,Lucio,Schiell,63,Male,322028.56
86,Nikolia,Stiegar,2,Female,447959.73
87,Bibby,Westney,4,Female,383262.62
88,Marin,Handasyde,6,Polygender,222104.12
89,Hastie,Shorte,67,Male,395400.39
90,Had,Cockland,100,Male,218470.38
91,Gregoire,Arpe,41,Male,354472.53
92,Chlo,Monahan,30,Female,331134.46
93,Skyler,Matzkaitis,51,Male,363672.98
94,Hillel,Ludgrove,19,Polygender,234908.86
95,Court,Lamberteschi,9,Male,205688.92
96,Arlana,Barbara,23,Female,404821.58
97,Sayres,Shreeve,98,Male,310035.53
98,Ellen,Still,63,Female,219141.72
99,Galven,Dowry,4,Male,261072.33
100,Cedric,Ronnay,30,Male,375273.97
101,Gardie,Blumson,16,Genderqueer,221095.31
102,Francis,Hackly,66,Male,387213.59
103,Caryl,Perrigo,12,Male,262166.08
104,Adham,Haddeston,62,Male,401637.21
105,Haven,Olenin,72,Male,436962.71
106,Lyndsie,Daen,2,Female,251346.45
107,Kain,Phillis,61,Male,398384.24
108,Morten,Cutbush,77,Male,233037.38
109,Giana,Clemenza,95,Female,304182.72
110,Morie,Jantzen,63,Male,289117.3
111,Fiona,Torry,51,Female,431024.67
112,Paten,Rudolph,59,Male,210153.47
113,Shae,Deighan,69,Male,436375.84
114,Zerk,Helstrip,31,Male,206618.55
115,Belvia,Van Vuuren,51,Bigender,293885.87
116,Dorise,Bolzen,32,Female,201563.37
117,Catlee,Ganforth,75,Female,224784.92
118,Ermentrude,O'Halloran,1,Female,279597.9
119,Romola,O'Kenny,39,Female,270925.21
120,Darnall,Aust,5,Genderfluid,368184.71
121,Davida,Frapwell,24,Female,288990.42
122,Bartolomeo,Abram,58,Male,437556.08
123,Aime,Fishbourn,73,Female,388835.51
124,Carolus,Fortman,11,Male,267399.62
125,Magdalena,Ivakhno,53,Female,383448.97
126,Arnoldo,Clitheroe,41,Male,225934.54
127,Janifer,Garrould,78,Female,417965.82
128,Garwood,Di Francesco,65,Male,429996.6
129,Carla,Confort,63,Female,280484.34
130,Clevey,Smorthit,27,Male,332174.25
131,Christyna,Bulle,9,Female,399363.69
132,Dani,Yter,77,Male,386540.96
133,Rad,Kmietsch,45,Male,210972.09
134,Case,O'Fergus,54,Male,345675.67
135,Tabbitha,Dover,19,Female,373854.81
136,Caterina,Petracco,55,Female,394009.69
137,Georges,Margrie,42,Bigender,369057.2
138,Eddy,Gartell,84,Male,237578.67
139,Thomas,Lorkins,2,Male,418158.37
140,Cecil,Pymar,41,Female,413788.98
141,Doloritas,Cornner,93,Female,242055.04
142,Morly,Imesson,55,Male,428603.07
143,Major,Forte,84,Male,202608.1
144,Clarence,Falco,95,Polygender,219005.65
145,Winona,Ibbeson,73,Female,373266.52
146,Ericka,Boniface,86,Female,423690.56
147,Viv,Lanktree,23,Female,445232.71
148,Helenelizabeth,Sweett,85,Female,367817.65
149,Normie,Stronach,78,Male,332596.79
150,Hyatt,Di Giacomettino,18,Male,353421.97
151,Willy,Ritchley,72,Genderqueer,261906.98
152,Osbourne,Guice,89,Male,424038.47
153,Mufinella,Casbourne,54,Female,216948.33
154,Alonzo,Cato,8,Male,440866.39
155,Binky,Skeldon,89,Male,377411.0
156,Birdie,Letson,41,Female,222387.39
157,Austina,Brettell,97,Female,352948.34
158,Gaile,Lorman,58,Male,407437.95
159,Maura,Atcock,3,Female,374401.87
160,Domingo,Germaine,83,Male,245520.58
161,Midge,Youd,67,Agender,227014.96
162,Albie,Aylmore,98,Male,308796.06
163,Isidore,Darnell,99,Male,332238.76
164,Roldan,Baison,12,Male,231814.91
165,Hagen,McNern,11,Male,419648.95
166,Dusty,Topp,100,Bigender,346605.0
167,Portia,Rizzello,90,Female,310724.83
168,Allene,Grayland,89,Female,308619.56
169,Raffaello,Lemmer,4,Male,328143.49
170,Tann,Dignam,6,Male,272469.06
171,Trisha,Bahls,70,Female,393340.19
172,Vanya,Keneford,21,Female,405733.18
173,Gilbertine,Rajchert,63,Female,340024.19
174,Fons,Sholem,46,Male,370382.44
175,Hagan,Rolls,40,Male,374746.73
176,Jozef,Bellchamber,62,Male,338244.94
177,Deni,Domerc,25,Female,259644.39
178,Jarib,Worster,57,Male,372778.12
179,Jelene,Fetteplace,97,Female,352737.22
180,Margery,Schanke,1,Female,299403.97
181,Chucho,Sawfoot,74,Male,413193.53
182,Pauletta,Jerrand,4,Female,277444.89
183,Jeanna,Kobpac,17,Female,361563.0
184,Vonny,Kisbee,46,Female,326113.63
185,Wilbert,Wartonby,51,Male,262521.78
186,Roderick,Leeds,64,Male,382577.79
187,Torey,Banister,38,Male,336615.58
188,Jackie,Dallon,46,Female,238875.41
189,Philippe,Boston,89,Female,254439.65
190,Freeland,Lavell,70,Male,236081.58
191,Aubert,Didsbury,100,Male,288706.23
192,Gage,Lowdiane,3,Male,440254.1
193,Shannon,Deakin,76,Male,257073.03
194,Fairfax,Lyon,24,Male,227030.13
195,Allianora,Sawnwy,97,Female,331374.89
196,Constancy,Magarrell,80,Female,424051.06
197,Clarie,Jeffreys,10,Female,255228.68
198,Ettie,Witham,1,Female,240349.77
199,Petronella,Brehaut,36,Female,403787.0
200,Lukas,Gerrad,83,Male,382647.49
201,Creigh,Branthwaite,76,Male,251980.76
202,Carleton,Jarnell,81,Bigender,245162.09
203,Doll,Kellegher,4,Female,438463.57
204,Ethelyn,Shenley,42,Agender,260071.11
205,Barbey,Traylen,1,Female,230623.75
206,Caryl,Renehan,31,Female,385716.26
207,Andreas,Staresmeare,92,Male,301900.0
208,Olimpia,Goodanew,9,Bigender,416262.67
209,Chandra,Bauman,91,Female,223586.37
210,Aili,Massingberd,70,Female,357806.97
211,Bil,Caplin,55,Male,395324.2
212,Onfroi,Lippo,73,Male,235311.64
213,Mada,Donaghy,89,Female,371420.64
214,Whitaker,Fenty,9,Male,227966.76
215,Valina,Senechault,91,Female,201803.65
216,Tuck,Brett,45,Male,251374.75
217,Barbra,Powrie,60,Female,271510.93
218,Dulcinea,Boutton,16,Female,203403.39
219,Adah,Jerche,77,Female,332236.29
220,Libby,Holleran,2,Female,329214.89
221,Anny,Larrie,67,Female,414094.11
222,Harry,Knowlden,15,Male,230258.18
223,Alyosha,De la Feld,18,Male,376973.19
224,Peter,Hollier,68,Male,359326.81
225,Ware,Jaeggi,57,Male,304510.87
226,Tucker,Richly,47,Male,349774.88
227,Avram,Bargh,33,Male,317970.63
228,Thatch,Gerrell,20,Male,447027.37
229,Coleman,Duckers,93,Male,404120.26
230,Tori,Maffey,90,Female,240420.94
231,Aundrea,Lebond,84,Female,393803.67
232,Tucker,Luckman,97,Male,205056.39
233,Abram,Coyte,39,Male,372622.88
234,Ileana,Ripon,42,Female,398186.63
235,Colene,Roze,70,Female,229100.38
236,Axe,Studd,3,Male,287824.51
237,Donavon,Lampitt,23,Male,416512.55
238,Teodoro,Olyet,8,Male,295741.94
239,Bernadine,Bennen,93,Female,293567.15
240,Hi,Bonnin,14,Male,326897.41
241,Augie,Citrine,40,Male,281610.78
242,Roseline,Loveless,95,Female,428983.0
243,Hirsch,Huckster,16,Male,225502.44
244,Corbin,Ditt,28,Male,390098.0
245,Clint,Cardwell,76,Male,277679.62
246,Dalton,Blencowe,61,Agender,329828.34
247,Guss,Golightly,8,Male,365292.76
248,Bobette,Strelitz,82,Female,355650.19
249,Leonard,Yandell,84,Male,271906.28
250,Benton,Colton,47,Male,232768.8
251,Montague,Coneau,38,Male,411675.23
252,Noam,Asp,61,Male,207446.48
253,Christye,Frances,45,Female,435462.43
254,Urban,Van Driel,51,Male,361715.56
255,Carolee,Lysons,87,Female,417538.74
256,Carroll,Gillease,53,Male,248615.2
257,Graig,Moughton,44,Male,356412.71
258,Isabelita,Jacmard,81,Female,441346.55
259,Alexandros,Sainter,17,Male,214935.09
260,Gigi,Simonich,93,Polygender,381137.54
261,Jillane,Jewers,7,Female,239942.26
262,Kitti,Lafflin,18,Female,249851.0
263,Jeannette,Do Rosario,15,Female,233483.49
264,Timi,Larmet,24,Agender,341478.14
265,Skip,Barneveld,27,Male,257607.0
266,Kevon,Whittock,19,Male,314291.09
267,Milicent,Stroder,86,Female,322095.15
268,Karyn,Ahrens,28,Female,287375.14
269,Bogart,Condon,24,Male,348791.67
270,Tye,Thackham,3,Male,295090.66
271,Karylin,Doddemeede,96,Female,449010.94
272,Shaylynn,Swatridge,74,Female,257764.07
273,Ilysa,O'Currigan,31,Female,336061.7
274,Donielle,Sail,39,Female,256017.57
275,Rafaello,O'Corrin,17,Male,204791.3
276,Conan,Crimpe,76,Male,269108.69
277,Roger,Van den Bosch,80,Male,394529.23
278,Hadlee,Watsham,70,Male,332807.09
279,Fabian,Izakoff,91,Male,271417.03
280,Berne,Kynvin,25,Male,234299.78
281,Sander,Poacher,75,Male,254358.61
282,Kermy,Rist,51,Male,296654.81
283,Alfy,Gaughan,94,Male,417742.74
284,Rodger,Fann,84,Male,293151.04
285,Toni,Gilgryst,58,Female,413310.89
286,Ximenes,Gadney,86,Male,202215.2
287,Earlie,Picopp,55,Male,338488.73
288,Mame,Trobe,52,Female,402208.48
289,Duffy,Nolin,43,Male,379643.12
290,Nicolai,Driver,69,Male,355211.31
291,Jerome,Sarfati,100,Male,317038.36
292,Cory,Jaquiss,72,Male,436169.72
293,Lyndsie,Nassie,57,Genderfluid,387001.0
294,Findlay,Morad,63,Male,427241.13
295,Welby,Bondley,34,Bigender,304221.49
296,Lorelle,Matyja,77,Female,305539.14
297,Alaine,Doddemeede,72,Female,447760.88
298,Thurston,Ahrenius,71,Male,403600.5
299,Vivienne,Luis,9,Female,275012.44
300,Timotheus,Ranald,94,Male,373709.11
301,Natal,Attock,39,Male,321190.94
302,Tommy,Regorz,80,Male,270058.37
303,Cristionna,Overel,50,Female,376869.36
304,Brantley,Delf,26,Male,226605.02
305,Marjie,Bunn,79,Female,435217.83
306,Paxton,Martensen,9,Male,250676.97
307,Gan,Winckles,23,Male,417967.61
308,Neall,De la Yglesia,3,Non-binary,268621.52
309,Garvy,Fist,69,Male,328576.72
310,Reba,Mansell,28,Female,227541.26
311,Gill,Innett,100,Male,321437.89
312,Wittie,O'Leahy,52,Male,411081.24
313,Raphaela,Alldridge,84,Female,362005.94
314,Patrizius,Belding,99,Male,356210.61
315,Hermon,Denyukhin,49,Male,234835.72
316,Gideon,Poizer,45,Male,385808.67
317,Tirrell,Elston,62,Male,428085.72
318,Antony,Aleksich,28,Male,227011.14
319,Merci,Haitlie,31,Female,448621.71
320,Janean,Ojeda,20,Female,405433.8
321,Andrea,Collecott,26,Female,244595.53
322,Sandi,Aubri,77,Female,371502.66
323,Abie,Pringuer,60,Male,248402.4
324,Marv,Ivkovic,90,Agender,265481.19
325,Warde,Long,4,Male,409263.0
326,Armin,Stearnes,64,Male,204009.78
327,Irene,Newstead,100,Female,370565.68
328,Johnathan,Northgraves,67,Male,309063.0
329,Sibylle,Lambirth,73,Genderqueer,448620.12
330,Tilda,Cammish,62,Female,244276.99
331,Gert,Jiggins,32,Female,273170.23
332,Anjanette,Winny,60,Female,382905.09
333,Paulie,Scading,64,Female,206189.35
334,Everett,Kuhwald,79,Male,402013.69
335,Hilliard,Redmond,45,Male,330284.98
336,Jamill,Schumacher,16,Male,210367.01
337,Kendra,Pina,71,Female,399004.93
338,Worden,Quince,53,Male,412957.45
339,Donna,Boarder,49,Female,316440.54
340,Billy,Brede,47,Male,287245.54
341,Nanice,Nudde,58,Female,351231.0
342,Cecilius,Eland,89,Male,431475.17
343,Giselle,Ault,68,Female,319757.18
344,Field,Grassin,54,Male,258966.86
345,Sophi,Vaune,40,Female,400762.13
346,Letty,Aykroyd,20,Female,279213.31
347,Kylynn,Scaplehorn,30,Agender,286154.24
348,Davin,Costelloe,93,Male,202517.26
349,Ansel,Sherburn,65,Male,337015.36
350,Vivianne,Couch,88,Female,208578.27
351,Rosaleen,Caffrey,23,Female,269999.06
352,Brnaby,Guidetti,6,Male,215468.92
353,Carleton,Casterot,63,Male,269528.14
354,Fianna,Brunnstein,19,Female,410660.14
355,Joyan,Dowda,19,Female,345499.77
356,Sibylle,Foro,80,Female,364044.15
357,Mirabelle,Sone,19,Female,409195.03
358,Stanislaw,Garatty,94,Male,258655.85
359,Petronia,Pulhoster,88,Polygender,412749.01
360,Yovonnda,Celier,46,Female,300467.43
361,Cammi,Colquit,87,Female,378308.79
362,Billye,McCroft,63,Female,292602.09
363,Berke,Pettingall,52,Polygender,387726.31
364,Emilee,Rosterne,27,Female,443762.07
365,Hollie,Pignon,79,Female,403193.46
366,Carree,Genner,15,Female,448977.12
367,Tedie,Brabham,1,Male,387601.86
368,Madeline,Kenrack,64,Female,422035.51
369,Corenda,Scholte,90,Female,434593.6
370,Cross,Bratten,60,Male,337401.96
371,Rustie,Ondrusek,65,Male,349703.78
372,Vanda,Yokelman,14,Female,242006.27
373,Isabel,Concklin,97,Female,317759.44
374,Betsey,Mulcaster,25,Female,207254.87
375,Verney,Lattos,8,Male,227859.29
376,Nessa,Meatcher,65,Female,396661.15
377,Caitrin,Palek,93,Female,318689.63
378,Daphene,Delnevo,36,Female,446628.48
379,Madonna,Tolefree,8,Female,273998.82
380,Pierette,Waumsley,42,Female,307158.41
381,Cos,Vinnick,18,Bigender,321141.18
382,Susanetta,Gallico,43,Female,411806.14
383,Errick,Postgate,5,Male,377859.55
384,Flinn,Jovicevic,28,Male,274442.3
385,Ban,Quare,8,Male,260403.89
386,Aeriell,Jurisic,62,Female,343632.33
387,Earle,Acarson,57,Male,216226.69
388,Ignacio,Blenkiron,26,Bigender,392200.91
389,Yule,Raulston,6,Male,415642.03
390,Haily,Bruun,100,Female,377020.91
391,Loydie,Lyard,52,Male,429851.31
392,Rockey,A'Barrow,27,Male,232918.01
393,Kelby,Mcmanaman,34,Male,434620.47
394,Elie,Glyn,36,Female,289345.92
395,Tomaso,Tooby,42,Male,407263.83
396,Tommy,Beamish,9,Male,440272.92
397,Marji,Page,57,Female,441872.84
398,Cairistiona,Jennrich,91,Female,416601.34
399,Clare,Struther,87,Female,400004.2
400,Somerset,Spat,14,Male,360527.57
401,Idalina,Ivanusyev,35,Female,209524.81
402,Lindsy,Sage,61,Female,209587.88
403,Bride,Whitwham,80,Female,231762.99
404,Charlean,Lumbley,18,Female,221507.76
405,Dolores,Dacey,23,Female,419364.0
406,Barclay,Burkitt,81,Male,392994.23
407,Shoshana,Clougher,41,Female,236199.02
408,Marice,McAirt,30,Female,250799.22
409,Von,Simants,24,Male,287571.93
410,Bobine,Caccavale,36,Polygender,442941.7
411,Rosie,Chillcot,8,Female,408663.28
412,Kimball,Spark,86,Male,427004.84
413,Ranna,McElhargy,10,Female,392636.05
414,Townsend,Hardway,26,Male,379732.7
415,Donetta,Chessel,42,Female,428614.44
416,Esteban,Nelm,92,Bigender,309864.43
417,Bartie,Dalloway,12,Male,323632.96
418,Corabelle,Hayle,55,Female,325388.05
419,Lina,Draycott,11,Female,412468.59
420,Gabey,Joburn,28,Female,312907.87
421,Karlens,Thomazin,65,Male,414662.6
422,Mort,Spybey,37,Male,295402.98
423,Petey,Aucott,46,Male,314475.19
424,Francklin,Paprotny,37,Male,345306.51
425,Barny,Liston,9,Genderfluid,310022.48
426,Herc,Lackey,80,Male,246467.52
427,Leta,Bottrell,5,Female,257359.46
428,Bellina,Endicott,93,Female,283146.49
429,Jean,Floyde,89,Male,302687.0
430,Dore,Hover,26,Male,226905.7
431,Glori,Birchett,83,Female,321150.62
432,Harald,Toomer,34,Male,346957.4
433,Valentina,McCluskey,55,Female,238102.6
434,Xenos,Loadman,45,Male,399211.17
435,Fionnula,MacNeely,41,Female,439533.16
436,Milissent,Annon,99,Bigender,416739.59
437,Charmaine,Jolliman,29,Female,300945.58
438,Oneida,Matusiak,65,Female,273852.33
439,Ruby,Bothen,4,Male,263606.87
440,Wendall,Padilla,7,Male,280503.62
441,Hillary,Schleswig-Holstein,17,Male,344493.06
442,Carlin,Deners,50,Male,382126.97
443,Mikaela,Burds,62,Female,363810.14
444,Arron,Magson,84,Male,275108.4
445,Alejandro,Cracknell,21,Bigender,206026.4
446,Tabby,Kirgan,32,Female,309998.57
447,Lenard,Brader,66,Male,212864.87
448,Goldia,Petz,45,Agender,348727.13
449,Rusty,Castillo,85,Male,404411.3
450,Eustace,Janney,46,Male,239323.52
451,Cecilius,Borge,97,Male,272189.73
452,Alfy,Wilber,41,Male,444176.33
453,Fitzgerald,Shooter,35,Male,274064.35
454,Cobb,Klimkin,28,Male,338176.17
455,Maximilian,Fetherstone,22,Male,404132.42
456,Barn,Giacobelli,92,Male,216453.28
457,Jarid,Huntley,46,Male,328782.02
458,Merwin,Sutehall,53,Male,223710.7
459,Elia,Sewley,34,Male,216740.01
460,Mead,Colnett,80,Female,332924.87
461,Mateo,Josupeit,19,Male,311782.54
462,Madelon,Thorndale,84,Female,225453.08
463,Leontine,Pannett,46,Female,246544.28
464,Delaney,Kunzel,87,Male,294684.1
465,Cristabel,Glazer,18,Female,323836.48
466,Shannan,Olman,71,Agender,359144.33
467,Fabiano,Giovanazzi,8,Agender,356560.97
468,Quincy,Winterburn,38,Male,356308.06
469,Thaxter,Dunseath,22,Polygender,244592.58
470,Gratia,Lemme,64,Polygender,340234.99
471,Skipton,Espada,62,Male,263119.13
472,Kirby,Asplin,33,Male,266475.34
473,Armin,Osment,69,Male,211809.81
474,Pennie,Clayworth,20,Male,227615.93
475,Rey,Tutton,37,Male,401740.61
476,Marc,Gravie,4,Male,283886.82
477,Brion,Clarabut,35,Male,434024.66
478,Gilles,Wiszniewski,57,Male,215329.36
479,Rance,Cafe,1,Male,438553.24
480,Abe,Feather,6,Male,306273.3
481,Ally,Ghilardi,59,Agender,373406.11
482,Harriet,Easlea,70,Female,318134.45
483,Christean,Hanscombe,15,Female,308320.93
484,Dina,Terbrug,38,Female,362217.0
485,Elane,Lansberry,48,Female,395401.49
486,Currie,Aughtie,51,Male,372278.43
487,Meggy,Banbrick,41,Non-binary,381941.0
488,Tades,Schott,100,Male,317084.37
489,Netty,Ockendon,11,Female,283759.0
490,Mireielle,McConaghy,65,Female,355019.93
491,Cortney,Mullord,9,Female,384002.84
492,Carline,Boule,66,Female,293828.81
493,Hussein,Smallacombe,48,Male,393333.2
494,Goldi,Arsnell,51,Female,304490.03
495,Carmine,Eakins,23,Male,248139.61
496,Oliviero,Moroney,100,Male,311691.21
497,Hayyim,Lendrem,85,Genderfluid,214424.83
498,Nichole,Michelet,55,Male,269575.57
499,Emmalynn,McClymond,40,Female,303947.13
500,Armando,Johnstone,58,Male,353586.54
501,Celina,McGiffin,64,Female,379279.16
502,Leslie,Huddy,14,Female,230339.0
503,Ilsa,Rivett,5,Female,366409.88
504,Roger,Nutt,17,Male,375076.73
505,Angele,Franzonello,87,Female,329048.66
506,Judah,Barringer,81,Male,315836.0
507,Maximilian,Rome,53,Male,441262.36
508,Jocelyn,Thys,39,Polygender,421396.34
509,Welby,Boatswain,95,Male,355231.72
510,Adelina,Leake,28,Female,319101.04
511,Hall,Senton,31,Male,353795.05
512,Goober,Roof,86,Male,381657.97
513,Cecilius,Daintry,3,Genderfluid,281150.81
514,Wayne,Aspel,82,Male,291619.59
515,Monti,O' Faherty,34,Agender,307117.16
516,Leigha,O'Connel,63,Agender,234388.33
517,Anjanette,Reeder,71,Female,305833.64
518,Colette,Courtman,71,Polygender,395315.16
519,Thorpe,Leechman,53,Male,323614.21
520,Farrell,Hedley,54,Male,390552.27
521,Nina,Grishunin,40,Female,403068.39
522,Edvard,Kloser,46,Male,353262.88
523,Marcela,Fitchell,7,Female,364250.55
524,Danni,Allewell,71,Female,341780.74
525,Jere,Manuel,5,Female,447912.31
526,Gery,Raithmill,54,Male,420187.87
527,Michel,Whistlecroft,23,Female,439483.31
528,Garfield,Hillen,73,Male,288866.32
529,Gawain,Rodolico,20,Male,257190.37
530,Genny,Mablestone,49,Female,387164.58
531,Hillier,Hiscocks,46,Male,434094.73
532,Chas,Paolone,27,Male,242983.69
533,Broderic,Blencoe,30,Male,200643.69
534,Janene,Full,90,Non-binary,359957.49
535,Laurena,Polycote,70,Female,447277.6
536,Holmes,Massen,44,Male,277243.18
537,Annmarie,Wick,62,Female,311363.31
538,Homer,Kerr,30,Polygender,293301.1
539,Sherie,Rowes,65,Female,268008.64
540,Dominga,Sollowaye,36,Female,219220.93
541,Sean,Tremblot,12,Male,343076.21
542,Carlin,Saines,9,Female,447408.64
543,Eduard,Greenlies,44,Male,353159.13
544,Raffarty,Brockman,96,Male,345870.04
545,Boone,Slesser,35,Male,207958.29
546,Giacomo,Sibbert,67,Male,291057.99
547,Marcelle,Drinnan,37,Female,249509.02
548,Leonardo,Widdowfield,37,Male,436556.03
549,Clareta,Panons,11,Female,250739.55
550,Gussy,Claiden,59,Female,275915.86
551,Perl,Phillpot,67,Female,331578.61
552,Isaiah,Swancott,74,Male,290806.46
553,Allin,Garritley,55,Male,320539.86
554,Kerk,Carvil,8,Male,317120.73
555,Easter,Ivanovic,27,Female,345094.91
556,Laurens,Dearn,1,Male,332349.85
557,Irving,Mowbury,2,Male,418385.87
558,Elbertine,Leinweber,52,Female,412458.93
559,Gennifer,Stower,69,Female,255553.81
560,Brit,Sennett,56,Female,321679.55
561,Rahal,Huckleby,40,Female,349199.34
562,Alfred,Romaynes,8,Genderfluid,237502.63
563,Pierson,Cubberley,66,Male,315441.23
564,Kissiah,Tollerton,60,Female,252828.46
565,Saundra,Naisby,22,Male,322621.87
566,Salvador,Gilleson,78,Male,258873.21
567,Elwyn,Palombi,43,Male,229621.74
568,Virgilio,Patkin,92,Bigender,437075.95
569,Delcina,MacElane,65,Female,428132.0
570,Domini,Skudder,57,Female,267693.46
571,Rogerio,Sandom,84,Male,424435.18
572,Francine,Grain,43,Polygender,237265.63
573,Shantee,Boatswain,78,Female,399800.53
574,Thomasine,Gier,18,Genderqueer,366070.02
575,Gavra,Bichener,67,Female,445262.03
576,Shane,Saines,5,Male,338906.41
577,Bentlee,Thoma,14,Male,300087.81
578,Neile,Lukas,69,Female,381680.43
579,Evelina,Giacovetti,51,Female,385378.21
580,Mitch,Ashelford,38,Male,290487.82
581,Allyce,Blazevic,16,Female,376041.13
582,Wilie,Oxenden,91,Female,378667.07
583,Cesaro,Remmer,15,Male,291772.87
584,Dewain,Gimlet,1,Male,298324.38
585,Odelinda,Jervoise,58,Female,229222.4
586,Merle,Budcock,94,Genderfluid,396848.29
587,Nanni,Concklin,60,Female,369495.93
588,Karolina,Arnaudet,64,Female,378386.52
589,Lyndell,Britcher,89,Female,428156.16
590,Alasteir,Abrahamoff,69,Male,432856.11
591,Sadella,Camock,42,Female,259262.18
592,Poul,Gricewood,55,Bigender,369426.7
593,Sondra,Marchelli,17,Bigender,386974.84
594,Rudolph,Meneyer,53,Male,232629.27
595,Frederigo,Goodbanne,4,Male,262360.98
596,Ardra,Valentetti,36,Female,259460.08
597,Barrie,Spillman,44,Male,400834.84
598,Brade,Winkett,65,Male,344416.33
599,Ambros,Lightbowne,74,Male,280606.24
600,Willard,Popplestone,96,Male,276621.3
601,Dal,Cullerne,90,Non-binary,339246.4
602,Court,Bento,100,Male,313816.47
603,Olav,Kerwick,80,Male,420190.4
604,Rennie,Maddrah,32,Female,201713.54
605,Pavia,Doveston,24,Polygender,208617.06
606,Morgen,Scotting,21,Female,262391.33
607,Corie,Dunbar,32,Bigender,422559.91
608,Jocelyne,Eyckelbeck,68,Female,228081.49
609,Dale,Heavy,55,Male,272267.27
610,Sean,Yon,78,Male,353555.47
611,Missy,Strongitharm,47,Female,283960.21
612,Helyn,Deans,65,Female,320673.06
613,Evyn,Bottjer,73,Male,296653.18
614,Emile,Rappport,90,Genderqueer,422075.44
615,Farr,O'Grady,24,Male,433275.5
616,Beulah,Choupin,42,Female,305627.02
617,Lion,De Angelis,35,Non-binary,301469.28
618,Babs,Pollak,50,Female,357094.62
619,Andromache,Inglese,25,Agender,305916.07
620,Walther,Pallaske,16,Male,280952.24
621,Obediah,Sparry,16,Male,405860.83
622,Humfrey,Prin,64,Male,329987.46
623,Wendie,Parfett,100,Female,231289.19
624,Jaymie,Bumpass,21,Male,382410.56
625,Donna,Lawtey,37,Female,201852.46
626,Gunter,Cleiment,22,Male,231748.4
627,Tracy,Acuna,33,Female,423773.71
628,Nathalia,Blanc,32,Female,443265.31
629,Maureen,Eastwell,6,Female,446194.2
630,Jeffie,Beviss,83,Male,389016.17
631,Nestor,Fairney,48,Male,203549.21
632,Lindy,Branton,58,Female,404822.44
633,Sam,Stainbridge,48,Male,356176.41
634,Woodrow,Mateus,28,Male,293727.09
635,Antonin,Peetermann,28,Male,350234.09
636,Frasier,Clemerson,60,Male,329302.91
637,Abigael,McKeady,44,Female,302954.5
638,Rudolf,Dennison,36,Male,383244.01
639,Jarred,Matantsev,86,Male,282078.25
640,Ambrosio,Tart,54,Male,358658.12
641,Shayne,Ticehurst,77,Female,289201.05
642,Lexine,Abramsky,8,Female,299748.92
643,Cecilla,Rowcliffe,25,Female,352034.87
644,Dena,Collumbine,96,Female,442795.07
645,Aluin,Sinclaire,95,Male,329376.77
646,Verney,Letty,32,Male,342668.64
647,Carlina,Dumelow,24,Female,213380.38
648,Lenore,Heustace,95,Female,335878.38
649,Iseabal,Eayrs,92,Female,261616.68
650,Kay,Annets,60,Female,448941.07
651,Bryana,Assiratti,71,Female,425955.16
652,Ulberto,Goodey,66,Male,363219.42
653,Sheppard,Miskelly,91,Male,203643.89
654,Lonna,Spirit,5,Bigender,396594.89
655,Cindie,Lassell,11,Female,433172.05
656,Chris,Niezen,85,Male,378580.45
657,Pierson,Nana,21,Male,413653.48
658,Demetris,Franz-Schoninger,38,Non-binary,216948.99
659,Barnabas,Milnthorpe,58,Male,280005.95
660,Selle,Ditchett,74,Female,330218.46
661,Bell,Le Merchant,90,Female,424083.0
662,Marga,Baudin,67,Female,236196.15
663,Paulie,Reekie,81,Male,411129.0
664,Ora,Yoxen,42,Female,315589.78
665,Lyndel,Chorlton,87,Female,277973.14
666,Stuart,Luquet,25,Male,341320.2
667,Germain,Goody,52,Male,256525.94
668,Gerri,Alison,96,Male,382044.99
669,Gilles,Romaine,16,Male,254431.53
670,Leese,Raselles,52,Female,321301.17
671,Consalve,Darter,37,Male,413442.73
672,Byrann,Cawdery,66,Polygender,384477.61
673,Giana,Meldrum,74,Female,324361.52
674,Abbi,Skedgell,2,Female,227531.45
675,Marylynne,Lenchenko,65,Female,446472.24
676,Tanitansy,Clatworthy,4,Female,300143.96
677,Constantino,Crook,22,Male,373876.16
678,Zola,Prodrick,1,Female,374172.51
679,Adlai,Short,39,Male,209497.29
680,Katharyn,Dudenie,33,Female,427586.73
681,Mollee,Lipman,11,Female,412812.0
682,Idette,Haseley,89,Female,242181.72
683,Thornton,Blethin,19,Male,402746.08
684,Briny,Popplestone,33,Female,254678.06
685,Teddie,Hailston,42,Female,371878.9
686,Celeste,Wevell,14,Female,343790.7
687,Kizzie,Shears,72,Female,312310.52
688,Isidor,Adin,66,Male,209939.31
689,Sara,Caizley,82,Female,297054.13
690,Mirella,Witherington,47,Female,289970.71
691,Brett,Marxsen,20,Male,395664.1
692,Colby,Blackden,61,Male,211736.39
693,Garik,Willmot,53,Male,424791.48
694,Melesa,Flexman,90,Female,222632.15
695,Ely,St Pierre,12,Male,447930.24
696,Shepard,Suggett,53,Male,448866.47
697,Bing,Dreamer,11,Agender,335495.91
698,Blondelle,Copcote,9,Female,427516.7
699,Nady,Barham,68,Female,336863.57
700,Mandy,Toghill,15,Female,404092.2
701,Kacie,Le Brun,88,Polygender,240978.45
702,Weston,Childs,10,Male,238107.23
703,Emelita,Avramov,59,Female,259002.52
704,Auberon,Catterson,65,Male,319723.71
705,Estevan,Flucker,73,Male,254697.81
706,Ramonda,Scholer,16,Female,206423.4
707,Martie,Abbate,84,Male,300557.02
708,Janella,Devall,35,Female,369962.93
709,Salaidh,Penna,69,Female,200760.49
710,Valaria,Polotti,23,Genderqueer,249565.08
711,Sara-ann,Senter,33,Female,402950.22
712,Christie,Dowyer,71,Female,374725.14
713,Duff,Sends,25,Male,201995.67
714,Rennie,Plait,18,Female,221343.87
715,Karita,Lutman,77,Female,271983.71
716,Sofia,Bonafacino,57,Female,296614.6
717,Ernesto,Melledy,88,Male,370155.61
718,Thorndike,Bruntjen,18,Male,445729.9
719,Alfonso,Stubbin,61,Male,431237.44
720,Gracia,Errey,66,Female,231872.36
721,Brynne,McCaw,2,Female,224240.84
722,Parsifal,Crielly,1,Male,423715.7
723,Melina,Jordon,86,Female,368443.07
724,Bernie,Farish,32,Male,398726.09
725,Evyn,Raunds,18,Male,225776.47
726,Cordelie,Papez,14,Female,338734.11
727,Calhoun,Leyrroyd,7,Male,306547.56
728,Rafa,Morot,37,Female,336882.93
729,Livvie,Brookshaw,77,Female,395671.12
730,Reidar,Walbrun,42,Male,303340.21
731,Franklyn,Hamber,12,Male,380378.57
732,Alexis,Levick,11,Female,314941.36
733,Sarine,Flight,30,Genderqueer,426645.02
734,Emmalynne,Elbourne,42,Female,418052.76
735,Ferrel,Horick,44,Male,420445.06
736,Clarice,Anthon,72,Female,286739.13
737,Barth,Di Bartolomeo,10,Male,400334.0
738,Dyan,McGarrie,30,Female,358862.57
739,Herc,Pashenkov,90,Male,420441.76
740,Neddie,Melior,3,Male,274128.52
741,Carlyle,Brittlebank,69,Male,436206.52
742,Dixie,Kimblen,72,Female,410089.78
743,Bertie,Toppes,94,Male,434218.48
744,Ainsley,Ackwood,14,Female,214665.13
745,William,Pengelley,46,Male,408993.91
746,Evelyn,Davoren,40,Male,380991.84
747,Sheilakathryn,Townend,78,Female,427390.8
748,Shawn,Coye,20,Male,434657.53
749,Renie,Normington,56,Female,430611.97
750,Benjamen,Batalini,30,Male,306809.47
751,Gerda,Hares,83,Agender,305378.3
752,Brianna,Richardt,85,Female,272709.74
753,Tricia,Flaune,67,Female,423156.62
754,Gwyn,Tallowin,25,Female,219033.5
755,Paula,Shortt,66,Female,355166.53
756,Ambrosius,Goodbourn,74,Male,208937.07
757,Kimball,Fewster,99,Male,287473.48
758,Griffith,Karpov,29,Male,410994.54
759,Olivie,Methuen,66,Bigender,448984.41
760,Ynez,Killner,98,Female,329402.51
761,Tally,Meddemmen,15,Male,231594.65
762,Juliann,Ledgley,77,Female,392161.47
763,Emmeline,Capstake,39,Female,302524.95
764,Padgett,Skivington,48,Male,223402.02
765,Irving,Bennell,90,Male,415135.98
766,Alfredo,McSkeagan,41,Male,287284.36
767,Kerry,Chatin,20,Male,256382.08
768,Lonni,Laughlan,90,Female,395101.92
769,Gaven,MacSweeney,21,Polygender,244945.21
770,Abigael,Umbert,15,Female,323384.25
771,Gerri,Reinhardt,4,Male,445037.42
772,Dagmar,Offner,34,Female,337618.04
773,Virgie,Samudio,11,Male,330540.23
774,Lanae,Rapi,37,Female,271624.36
775,Axel,d'Escoffier,94,Male,402384.15
776,Erastus,Glossup,36,Male,297038.75
777,Minta,Kingcote,98,Female,425122.04
778,Kerrin,McMenamy,64,Female,424281.37
779,Shaylyn,Mayman,94,Female,442784.65
780,Daria,Mattheis,71,Female,424404.81
781,Wylie,Routh,17,Male,205097.33
782,Kelly,Fibbings,3,Male,205569.59
783,Aindrea,Lodo,49,Female,253356.83
784,Roth,Chaffey,71,Male,306067.0
785,Karlotta,Marrian,3,Female,392183.66
786,Stanwood,Blankman,5,Male,307609.89
787,Felizio,Baynton,45,Male,236695.87
788,Merrile,Cuerdall,92,Female,326360.0
789,Latia,Rigney,97,Female,321392.55
790,Alister,Le Fevre,79,Male,376176.48
791,Granville,Maxwell,92,Male,344776.51
792,Rad,Donner,100,Male,203699.33
793,Pebrook,Truitt,46,Male,305837.63
794,Mariann,Degoy,68,Genderqueer,336364.42
795,Abram,Cufflin,69,Male,377859.06
796,Dorice,Riteley,59,Female,426718.78
797,Kermie,Kernes,39,Male,264531.85
798,Brietta,Moorrud,99,Female,390195.6
799,Osbourne,Egger,29,Male,304779.38
800,Cary,Collisson,72,Polygender,420425.67
801,Ives,Tippings,53,Male,349724.6
802,Langston,Eagle,54,Male,202839.67
803,Jeanna,Janicki,2,Female,428389.64
804,Tommie,Weymouth,70,Female,272710.61
805,Delores,Halleybone,35,Female,244648.14
806,Hedwig,Fransson,71,Female,342761.78
807,Wayne,Chasmer,36,Male,335438.89
808,Hank,Ridsdale,20,Male,397916.0
809,Gabriella,MacKissack,19,Female,422179.49
810,Alice,Hupe,65,Female,310315.04
811,Giavani,D'Souza,56,Male,396629.77
812,Janek,Leifer,8,Male,336395.92
813,Norton,Waterhouse,60,Male,316401.14
814,Blair,Fleming,72,Male,331424.3
815,Boothe,Capron,2,Male,417279.79
816,Ingamar,Leman,16,Male,287284.19
817,Babara,Arnoldi,22,Agender,411952.51
818,Bernadina,Blodgetts,29,Female,265320.29
819,Yoko,Siggins,26,Female,262638.44
820,Dominique,Rosenblum,10,Female,446981.43
821,Hervey,Couvet,8,Male,240526.37
822,Clywd,Barajas,66,Male,405905.18
823,See,Lanning,25,Male,319767.1
824,Humberto,Deny,95,Male,402553.22
825,Abbi,Micklewicz,5,Female,392801.98
826,Kimmie,Orpin,4,Female,241773.71
827,Bobbee,Cottem,9,Female,370827.92
828,Robinett,Mattisson,34,Female,264692.22
829,Kinna,Quinnet,7,Female,260713.26
830,Jillayne,Engeham,80,Female,237655.37
831,Alon,Huggard,40,Male,225571.92
832,Ian,Hintze,24,Male,311194.89
833,Jody,Issacoff,56,Female,270488.9
834,Hollis,Edington,90,Male,385505.34
835,Nanni,Filler,3,Female,281793.97
836,Feliza,Mazzia,30,Female,296485.99
837,Maris,Godwyn,84,Female,300935.43
838,Goldia,Palser,81,Female,202777.89
839,Korey,Jeaneau,28,Male,438329.12
840,Bertie,Shelmerdine,9,Male,364745.42
841,Licha,Narramore,85,Female,444494.82
842,Iago,Hamal,75,Male,369850.97
843,Reube,Franzoli,90,Male,381444.14
844,Lorilee,Sellars,64,Female,228178.73
845,Gannon,Densie,59,Male,230819.1
846,Barth,Chmarny,66,Male,356523.43
847,Ashla,Stuchbury,62,Female,316841.25
848,Willetta,Game,92,Female,314287.43
849,Anabal,Cassley,89,Female,391123.59
850,Alejandro,Roselli,53,Male,214237.85
851,Kerwinn,Crosetto,89,Male,319997.34
852,Laney,MacKibbon,66,Male,267771.62
853,Ardelia,Baiss,69,Female,257763.01
854,Bent,Guiden,100,Male,329956.34
855,Horacio,Lucian,63,Male,297483.63
856,Ericka,Whear,73,Female,279069.02
857,Zsa zsa,Linneman,78,Female,249394.43
858,Roma,Froment,73,Male,380353.91
859,Rena,Berrycloth,86,Female,445161.3
860,Godwin,Keyse,51,Male,278794.04
861,Lenka,Shelley,3,Female,230891.85
862,Artemus,Kleinhaut,49,Male,410071.07
863,Kacy,Trusty,31,Female,346947.09
864,Vlad,Kelle,36,Male,219334.56
865,Carlynn,Tant,10,Female,432761.31
866,Ravid,Helversen,47,Male,395134.39
867,Lenette,Wetherell,93,Female,280179.3
868,Mikaela,Cosbey,89,Female,293128.87
869,Nikolai,Crafts,17,Male,423622.89
870,Stacee,Bewshea,76,Female,312156.11
871,Stephannie,Hannon,78,Female,359271.25
872,Chloe,Rylatt,34,Female,262929.05
873,Queenie,Dunnett,16,Female,218035.17
874,Gertie,Lishman,98,Female,294699.0
875,Paco,Jacobs,37,Male,282391.32
876,Lyndy,O'Hallihane,18,Female,232451.11
877,Nathanael,Elderidge,74,Male,411495.6
878,Cleve,Grieg,89,Male,405901.79
879,Hadley,Cumes,25,Male,411028.72
880,Tami,Coulthard,77,Female,378879.74
881,Adiana,Trude,59,Female,432482.86
882,Omar,McFeat,84,Male,316881.34
883,Dawna,Jewett,37,Female,381025.11
884,Vivianne,Camblin,13,Female,291668.56
885,Pavia,Morrilly,72,Bigender,312249.03
886,Corella,Wendover,46,Female,321031.27
887,Hagan,Isabell,31,Male,375019.81
888,Minerva,Piccard,93,Female,425544.73
889,Ursa,Coslett,51,Female,355364.19
890,Mead,Priestley,58,Female,333734.57
891,Corinna,Hariot,16,Female,383931.31
892,Jourdain,Paddie,11,Male,259527.71
893,Hillyer,Danielsson,70,Male,303463.18
894,Reynolds,Lynagh,2,Male,316506.87
895,Saxe,Buten,34,Bigender,402510.92
896,Benedicta,Thwaite,50,Female,313116.89
897,Trumaine,Putman,47,Male,379286.95
898,Dyna,Carmo,80,Female,307378.03
899,Alexina,Capitano,85,Female,201080.64
900,Roderick,Cassam,61,Male,425675.84
901,Alberto,Cottle,3,Male,224622.57
902,Deloris,Hearnaman,52,Female,348266.91
903,Cos,Pre,85,Male,371348.18
904,Jamima,O'Doherty,79,Female,252222.3
905,Butch,Brundill,49,Male,254544.15
906,Shirline,Brimelow,70,Female,290712.75
907,Thornton,Rudeyeard,40,Male,203716.13
908,Nelie,Bedberry,71,Non-binary,331925.53
909,Kile,Dani,8,Male,400634.12
910,Thorn,Chaloner,17,Male,320412.0
911,Tristam,Theobalds,40,Male,214294.77
912,Linnet,Haye,57,Female,382764.43
913,Tani,Carlile,70,Female,434686.15
914,Dillie,Badsworth,47,Male,361495.27
915,Isa,Longmuir,30,Male,430190.4
916,Taryn,Grestie,32,Female,276635.05
917,Elmer,McKall,20,Male,208184.23
918,Rona,Burnes,92,Female,333038.14
919,Grenville,Pagel,96,Male,302543.01
920,Joelie,Matuschek,36,Female,398442.47
921,Dillon,Alans,39,Agender,284705.41
922,Benedetto,Beardow,12,Male,208071.42
923,Anallise,Blaxlande,8,Genderfluid,384145.35
924,Van,Kencott,1,Male,344301.38
925,Filbert,Headrick,39,Male,329564.55
926,Eda,Grolmann,18,Female,335718.66
927,Vallie,Reyne,39,Female,260085.76
928,Mathias,Wardale,54,Male,224670.0
929,Gabi,Copestick,23,Female,327072.21
930,Carolin,Norheny,50,Female,373855.24
931,Cloris,Meech,17,Female,265121.09
932,Carly,Averall,61,Female,257101.84
933,Sly,Howcroft,50,Male,426102.53
934,Jacquelynn,Lannon,59,Female,219594.37
935,Anstice,Hiddsley,26,Female,217786.21
936,Emelda,Perrot,42,Female,389494.04
937,Averill,Guerrier,56,Male,281074.72
938,Micky,Chafney,23,Male,281639.69
939,Alphonso,Wellum,28,Male,202591.5
940,Gerry,Scarborough,28,Male,338394.57
941,Halie,Wingeatt,82,Female,416950.14
942,Erin,MacQueen,87,Male,354495.55
943,Clea,Bundy,96,Female,347103.22
944,Krishna,Murgatroyd,19,Male,370013.42
945,Kiersten,Tapsell,60,Female,366003.84
946,Aharon,Stripp,93,Male,235102.0
947,Brittani,Oultram,86,Female,402419.58
948,Mill,Pantling,100,Male,382037.89
949,Sidoney,Lindenberg,1,Female,310168.88
950,Sebastien,Riddock,99,Male,359475.67
951,Geraldine,Sargison,53,Female,211431.81
952,Cinda,Eighteen,98,Female,374483.24
953,Roana,McGinn,85,Female,270610.73
954,Natalee,Jaqueminet,53,Female,404039.26
955,Gayle,Kunat,3,Female,202425.33
956,Monro,Briance,44,Male,401016.82
957,Ddene,Mathewes,60,Female,303221.69
958,Aubrey,Cliffe,58,Female,264169.59
959,Brigitta,Cossington,30,Female,398911.41
960,Ricca,Kennally,65,Female,365353.56
961,Ax,Weeke,65,Male,278344.67
962,Tudor,Peacock,25,Agender,422131.58
963,Elsworth,Linn,31,Male,249491.47
964,Stu,Lovegrove,52,Male,291500.0
965,Cornela,Hellyer,29,Polygender,280535.32
966,Lidia,Yates,83,Female,221574.49
967,Ransom,Connor,24,Agender,331768.12
968,Teena,Smitten,56,Female,435910.81
969,Merry,Ethelston,52,Male,280923.72
970,Calv,Neill,33,Male,387897.2
971,Mickey,Jenne,83,Male,280751.62
972,Audrey,Livings,96,Female,240493.21
973,Lon,Pinnock,59,Male,262157.36
974,Erma,Hawkswood,69,Female,321830.28
975,Glenna,Frewer,65,Female,432289.38
976,Alicia,Strowther,34,Female,434752.77
977,Blondell,Folomkin,85,Female,235254.46
978,Pansy,Thiese,78,Female,358814.55
979,Jarad,Trewhella,12,Male,216988.0
980,Mavra,Lismore,31,Female,308423.91
981,Ardene,Gouly,33,Female,440789.3
982,Ryon,Crenshaw,79,Male,412284.16
983,Morrie,Way,91,Male,354596.2
984,Shelton,Enocksson,80,Male,438940.72
985,Cacilia,Gibson,8,Non-binary,266966.8
986,Brandi,Hounsom,45,Female,203545.72
987,Stanley,Robertsen,83,Male,363636.53
988,Beatriz,Le Surf,60,Female,220158.23
989,Gavrielle,Gounot,46,Female,227362.21
990,Meriel,Espadate,42,Female,220029.91
991,Leeland,Banbrigge,48,Male,385296.98
992,Leela,Giacomi,92,Female,202994.35
993,Wendell,Jaskiewicz,92,Male,246273.62
994,Brose,Mouser,87,Male,293422.5
995,Stacie,Lauks,69,Bigender,273403.35
996,Kristien,Kluss,75,Female,380718.29
997,Budd,Boorn,87,Male,280878.61
998,Eliot,Overal,79,Male,432439.01
999,Garreth,Pyle,34,Male,299393.07
1000,Blinny,Duggleby,79,Female,307803.62
